,condition,code,profit,condition_mean_profit
0,control,0.0,119.68767167765259,100.0
1,control,0.0,114.72301449203718,100.0
2,control,0.0,89.86406944969114,100.0
3,control,0.0,80.01216169842746,100.0
4,control,0.0,95.71308268219164,100.0
5,treatment,1.0,120.45643834018162,130.0
6,treatment,1.0,144.39227716800823,130.0
7,treatment,1.0,105.23738658919672,130.0
8,treatment,1.0,142.72408655122143,130.0
9,treatment,1.0,137.189811351392,130.0
